subject,predicate,object,comment_count,sum_W_i,sum_like_count,strength,mean_burst_risk,source_community,target_community
AI时代,迎来,新拐点,1,0.683880724834272,502.0,343.3081238668045,0.316119275165728,0,0
Meta,裁,两成员工,1,0.683880724834272,502.0,343.3081238668045,0.316119275165728,1,1
行业转型,守住,从业者的温度,1,0.683880724834272,500.0,341.940362417136,0.316119275165728,2,2
AI,总结,观点,1,0.6561778290445325,227.0,148.95236719310887,0.3438221709554675,3,3
他,会附和,你,1,0.6561778290445325,227.0,148.95236719310887,0.3438221709554675,4,4
你,反驳,它的论点,1,0.6561778290445325,227.0,148.95236719310887,0.3438221709554675,4,4
全员openclaw,会玩,梗,1,0.6767424102326032,217.0,146.8531030204749,0.3232575897673968,5,5
程序员的快乐,是,简单,1,0.6767424102326032,217.0,146.8531030204749,0.3232575897673968,6,6
AI,会造成,结构调整,1,0.6308317783800358,166.0,104.71807521108595,0.3691682216199642,3,3
沟通类工种,是,难替代的,1,0.6308317783800358,166.0,104.71807521108595,0.3691682216199642,7,7
评论者,思考,后期怎么办,1,0.6308317783800358,166.0,104.71807521108595,0.3691682216199642,59,59
春风里派对,能玩,方式,1,0.6767424102326032,147.0,99.48113430419266,0.3232575897673968,8,8
程序员的脑洞,大,程度,1,0.6767424102326032,147.0,99.48113430419266,0.3232575897673968,190,190
评论者,跟风,养龙虾,3,1.8302378586650647,125.0,76.25991077771104,0.3899207137783118,59,59
评论者,感觉,会有一大片巨大的瓜田,1,0.6420833415744945,99.0,63.56625081587496,0.35791665842550546,59,59
人类,在用,搜索引擎,1,0.6561778290445324,96.0,62.99307158827511,0.34382217095546763,3,3
同事,没得到,有效的解决方案,1,0.6561778290445324,96.0,62.99307158827511,0.34382217095546763,10,10
同事,问了,ai,1,0.6561778290445324,96.0,62.99307158827511,0.34382217095546763,10,10
专业的人,排除,风险和雷,2,1.2201585724433766,103.0,62.8381664808339,0.3899207137783117,11,11
工具,让脱离,简单劳动,1,0.6617168455104903,78.0,51.61391394981824,0.33828315448950974,10,10
评论者,创新,优化自己的工具,1,0.6617168455104903,78.0,51.61391394981824,0.33828315448950974,59,59
科技圈,懂,整活,1,0.6767424102326032,63.0,42.634771844654,0.3232575897673968,12,12
评论者,玩明白了,谐音梗,1,0.6767424102326032,63.0,42.634771844654,0.3232575897673968,59,59
他,会种地,地,1,0.6308317783800358,64.0,40.37323381632229,0.3691682216199642,4,4
农学生,会被淘汰,AI,1,0.6308317783800358,64.0,40.37323381632229,0.3691682216199642,3,3
你公司,参考,这个,1,0.6308875915371621,51.0,32.175267168395266,0.3691124084628379,13,13
AI,让失业,不少人,1,0.6308875915371621,47.0,29.651716802246618,0.3691124084628379,3,3
用户,付费做,肉鸡,1,0.6468471565572335,45.0,29.108122045075504,0.35315284344276654,27,27
AI,让,好多人没工作,1,0.6355765003324773,45.0,28.600942514961478,0.36442349966752274,3,3
办公室氛围,有,梗,1,0.6767424102326032,41.0,27.74643881953673,0.3232575897673968,5,5
破局行动家,顶,十年,1,0.6767424102326032,41.0,27.74643881953673,0.3232575897673968,14,14
只看报表不看主权,是,分析国家命运最大的盲区,1,0.6312370646669092,42.0,26.511956716010186,0.3687629353330908,15,15
只谈经济不谈政治,是,经济学最大的虚伪,1,0.6312370646669092,42.0,26.511956716010186,0.3687629353330908,16,16
AI,替代,律师,1,0.6274716347567447,39.0,24.471393755513045,0.3725283652432553,3,3
法官,坐在,那,1,0.6274716347567447,39.0,24.471393755513045,0.3725283652432553,17,17
人,失业,工作,3,1.9214035945792443,37.0,24.40625122568204,0.3595321351402519,18,18
AI,干了,人的活,1,0.65962841150492,37.0,24.40625122568204,0.34037158849508,3,3
人,消费,公司的产品,1,0.65962841150492,37.0,24.40625122568204,0.34037158849508,18,18
AI或脚本工具,替代,技术岗,1,0.6355765003324773,38.0,24.151907012634137,0.36442349966752274,19,19
技术岗,写,这些工具,1,0.6355765003324773,38.0,24.151907012634137,0.36442349966752274,19,19
AI,替代,岗位,3,1.947768265604577,38.0,23.81163068606634,0.350743911465141,3,3
我,刷,视频,1,0.6322103239794447,37.0,23.39178198723945,0.36778967602055535,20,20
我,用,别人的故事,1,0.6322103239794447,37.0,23.39178198723945,0.36778967602055535,20,20
AI,取代,人类,4,2.944472361333186,37.0,23.119604178998895,0.26388190966670355,3,3
AI,处理,标准化重复性任务,1,0.6248541669999701,37.0,23.119604178998895,0.3751458330000299,3,3
人类,擅长,人际互动,1,0.6248541669999701,37.0,23.119604178998895,0.3751458330000299,3,3
人类,擅长,创意发想,1,0.6248541669999701,37.0,23.119604178998895,0.3751458330000299,3,3
人类,擅长,策略决策,1,0.6248541669999701,37.0,23.119604178998895,0.3751458330000299,3,3
人类,擅长,跨领域整合,1,0.6248541669999701,37.0,23.119604178998895,0.3751458330000299,3,3
AI,裁掉,程序员,1,0.6355765003324773,36.0,22.88075401196918,0.36442349966752274,3,3
该工具,烧,4000万tokens,1,0.6071847125498762,36.0,21.85864965179554,0.39281528745012384,21,21
OpenClaw,会玩,养虾,1,0.6184067182363256,35.0,21.644235138271398,0.38159328176367435,22,22
评论者,养,小龙虾,1,0.6184067182363256,35.0,21.644235138271398,0.38159328176367435,59,59
ai,给,假的论据,1,0.6561778290445325,31.0,20.341512700380505,0.3438221709554675,10,10
评论者,把ai当,外置大脑,1,0.6561778290445325,31.0,20.341512700380505,0.3438221709554675,59,59
该工具,提高,效率,1,0.6248541669999701,31.0,19.370479176999073,0.3751458330000299,21,21
男神,控制,嘴,1,0.6167492590889161,31.0,19.1192270317564,0.3832507409110839,23,23
OpenClaw,做,事,1,0.6071847125498766,31.0,18.822726089046174,0.3928152874501234,22,22
OpenClaw,聊天,天,1,0.6071847125498766,31.0,18.822726089046174,0.3928152874501234,22,22
实战经验,有,参考价值,1,0.6071847125498766,31.0,18.822726089046174,0.3928152874501234,24,24
征集,有,意思,1,0.6071847125498766,31.0,18.822726089046174,0.3928152874501234,25,25
案例,集中在,复杂数据分析,1,0.6071847125498766,31.0,18.822726089046174,0.3928152874501234,26,26
案例,集中在,自动化流程,1,0.6071847125498766,31.0,18.822726089046174,0.3928152874501234,26,26
360,有,九种方法,1,0.6326400905984557,29.0,18.346562627355215,0.3673599094015443,27,27
我,会养,龙虾,1,0.6100792862216883,30.0,18.302378586650647,0.3899207137783117,20,20
我,养,龙虾,1,0.6100792862216883,30.0,18.302378586650647,0.3899207137783117,20,20
大厂,裁员,员工,1,0.6426770995129161,28.0,17.99495878636165,0.3573229004870839,4,4
程序员,找,工作,1,0.6426770995129161,28.0,17.99495878636165,0.3573229004870839,3,18
老师,制造,焦虑,1,0.6426770995129161,28.0,17.99495878636165,0.3573229004870839,28,28
老师,把AI当,神,1,0.6426770995129161,28.0,17.99495878636165,0.3573229004870839,28,28
评论者,失去,信心,1,0.6426770995129161,28.0,17.99495878636165,0.3573229004870839,59,59
小龙虾,会搞,AI,1,0.6184067182363256,29.0,17.933794828853443,0.38159328176367435,59,3
谁,拒绝,小龙虾,1,0.6184067182363256,29.0,17.933794828853443,0.38159328176367435,59,59
对方,甩过来,ai回答,1,0.6561778290445323,27.0,17.71680138420237,0.34382217095546774,29,29
我,会失去,交流的欲望,1,0.6561778290445323,27.0,17.71680138420237,0.34382217095546774,20,20
人类,有,优势,1,0.6248541669999701,28.0,17.495916675999162,0.3751458330000299,3,3
联想,会玩,脑洞,1,0.6184067182363256,28.0,17.315388110617118,0.38159328176367435,20,20
互联网风口,是,理科生的春天,1,0.6308317783800358,26.0,16.40162623788093,0.3691682216199642,30,30
我们艺术生,飘着,冬雪,1,0.6308317783800358,26.0,16.40162623788093,0.3691682216199642,31,31
现在,是,文科生的春天,1,0.6308317783800358,26.0,16.40162623788093,0.3691682216199642,32,32
评论者,做,一键杀虾工具,1,0.6326400905984557,23.0,14.550722083764482,0.3673599094015443,59,59
吉利,快,人一步,1,0.6137893270802766,23.0,14.117154522846361,0.38621067291972344,10,10
下一个人,受益,机器debug,1,0.6986737905117223,20.0,13.973475810234445,0.3013262094882777,33,33
马斯克,太自大,态度,2,1.354777931659847,21.0,13.661427766254063,0.3226110341700765,34,34
公司,扯到,蛋,1,0.671724856144617,20.0,13.434497122892338,0.32827514385538303,4,4
公司,用,AI节省人力,1,0.671724856144617,20.0,13.434497122892338,0.32827514385538303,4,4
五代十国,值得,说道,1,0.6236605351944069,21.0,13.096871239082544,0.3763394648055931,35,35
大唐,同化,异族,1,0.6236605351944069,21.0,13.096871239082544,0.3763394648055931,36,36
吉利,带入,ai,1,0.6115342225358857,21.0,12.842218673253601,0.38846577746411426,10,10
老板,不想发,薪,1,0.6308875915371621,20.0,12.617751830743241,0.3691124084628379,37,37
评论者,害怕,人变得ai化,1,0.6561778290445324,19.0,12.467378751846114,0.34382217095546763,59,59
评论者,想去研究,怎么养虾,1,0.6184067182363256,20.0,12.368134364726513,0.38159328176367435,59,59
你,裁,员工,1,0.6853749376136961,18.0,12.33674887704653,0.31462506238630394,4,4
你的AI水平,是,不行,1,0.6853749376136961,18.0,12.33674887704653,0.31462506238630394,38,38
别人,裁,员工,1,0.6853749376136961,18.0,12.33674887704653,0.31462506238630394,4,4
裁员,提升,股价,1,0.6853749376136961,18.0,12.33674887704653,0.31462506238630394,39,39
高级工程师的屏幕,被录制,全天候,2,1.2825182259125882,18.0,11.542664033213294,0.3587408870437059,40,40
你,比高,杰灵,1,0.6247606183714088,18.0,11.245691130685358,0.37523938162859116,4,4
关爱杰灵协会,谴责,行为,1,0.6247606183714088,18.0,11.245691130685358,0.37523938162859116,9,9
该工具,取代,一个人工,1,0.6739782207875695,16.0,10.783651532601112,0.3260217792124305,21,21
该工具,提升,人工效率,1,0.6739782207875695,16.0,10.783651532601112,0.3260217792124305,21,21
评论者,预测剩下,360龙虾,1,0.6326400905984557,17.0,10.754881540173747,0.3673599094015443,59,59
AI,拿走,真人创作的作品,1,0.6569178885773962,16.0,10.510686217238339,0.3430821114226038,3,3
AI,断,真人赚钱后路,1,0.6569178885773962,16.0,10.510686217238339,0.3430821114226038,3,3
AI,榨取,活人价值,1,0.6569178885773962,16.0,10.510686217238339,0.3430821114226038,3,3
真人表演的温度,无可替代,真人表演的温度,1,0.6167492590889161,17.0,10.484737404511574,0.3832507409110839,41,41
评论者,喜欢,你这份从容不迫的底气,1,0.6167492590889161,17.0,10.484737404511574,0.3832507409110839,59,59
评论者,支持,你对行业的判断,1,0.6167492590889161,17.0,10.484737404511574,0.3832507409110839,59,59
X账号,发了,290+帖子,1,0.6412591129562941,16.0,10.260145807300706,0.3587408870437059,42,42
X账号,注册,上个月,1,0.6412591129562941,16.0,10.260145807300706,0.3587408870437059,42,42
技术人才,焦虑,工作的未来,1,0.6412591129562941,16.0,10.260145807300706,0.3587408870437059,43,43
教授,被骗,阴谋论AI内容,1,0.6412591129562941,16.0,10.260145807300706,0.3587408870437059,44,44
新闻和自媒体,无视,现实,1,0.6412591129562941,16.0,10.260145807300706,0.3587408870437059,45,45
评论者,不懂,全天候和录制,1,0.6412591129562941,16.0,10.260145807300706,0.3587408870437059,59,59
找工作,变得,难,2,1.2919214746265855,16.0,10.166519234506103,0.35403926268670727,46,46
趋势,能替代,一些岗位,1,0.6739782207875695,15.0,10.109673311813543,0.3260217792124305,47,47
ai,是,工具,1,0.6308317783800358,16.0,10.093308454080573,0.3691682216199642,10,10
ai,没有,思考和逻辑变通能力,1,0.6308317783800358,16.0,10.093308454080573,0.3691682216199642,10,10
ai,给,答案,1,0.6308317783800358,16.0,10.093308454080573,0.3691682216199642,10,10
人,有,创造,1,0.6308317783800358,16.0,10.093308454080573,0.3691682216199642,18,18
人,走向,未来,1,0.6308317783800358,16.0,10.093308454080573,0.3691682216199642,18,18
这,使,好多人找不到工作,1,0.6248541669999701,16.0,9.997666671999522,0.3751458330000299,39,39
评论者,坐等,OpenClaw上线,1,0.6184067182363256,16.0,9.89450749178121,0.38159328176367435,59,59
评论者,要当,第一个养虾的极客,1,0.6184067182363256,16.0,9.89450749178121,0.38159328176367435,59,59
公司,塞进,夏之光,1,0.6167492590889161,16.0,9.867988145422657,0.3832507409110839,4,4
评论者,点进,帖子,1,0.6561778290445323,15.0,9.842667435667984,0.34382217095546774,59,59
评论者,能看到,艾特ai,1,0.6561778290445323,15.0,9.842667435667984,0.34382217095546774,59,59
炒拉布布的,咋样,现在,1,0.6100792862216883,16.0,9.761268579547012,0.3899207137783117,32,32
评论者,发现,青年作家一直在抄,1,0.6420833415744945,15.0,9.631250123617418,0.35791665842550546,59,59
脸书,是,压力大的大厂,1,0.6412591129562942,15.0,9.618886694344413,0.35874088704370577,48,48
脸书,给,工资,1,0.6412591129562942,15.0,9.618886694344413,0.35874088704370577,48,48
AI,摧毁,众多行业,1,0.623660535194407,15.0,9.354908027916105,0.376339464805593,3,3
AI,代替,人类,6,3.8857434075791075,14.0,9.297627315277445,0.3523760987368154,3,3
养龙虾+AI,会玩,科技圈新潮流,1,0.6184067182363256,15.0,9.276100773544885,0.38159328176367435,49,49
失业问题,需要被正视,社会,1,1.0,9.0,9.0,0.0,50,50
实事求是,需要回归,社会,1,1.0,9.0,9.0,0.0,50,50
AI,抢,饭碗,4,2.905697045224012,14.0,8.915879899692378,0.27357573869399693,3,3
用户,付费帮,人家练模型,1,0.6468471565572335,13.0,8.409013035244035,0.35315284344276654,27,27
机器,捅,洞,1,0.6986737905117223,12.0,8.384085486140668,0.3013262094882777,51,51
机器,犯错,错,1,0.6986737905117223,12.0,8.384085486140668,0.3013262094882777,51,51
研发,搞,研发工具,1,0.6982925185497758,12.0,8.37951022259731,0.3017074814502242,52,52
研发工具,革,研发的命,1,0.6982925185497758,12.0,8.37951022259731,0.3017074814502242,52,52
你,干过,讯飞,1,0.6392329533543729,13.0,8.310028393606848,0.3607670466456271,4,4
你,问不到,真假,1,0.6392329533543729,13.0,8.310028393606848,0.3607670466456271,4,4
评论者,剩下,360虾,1,0.6326400905984558,13.0,8.224321177779926,0.36735990940154417,59,59
AI,代替,人工,3,1.905681598798128,12.0,7.688211208225605,0.36477280040062404,3,3
AI,重塑,企业指标,1,0.6308875915371621,12.0,7.570651098445945,0.3691124084628379,3,3
人力,遭,冲击,1,0.6308875915371621,12.0,7.570651098445945,0.3691124084628379,53,53
变革,至,现在,1,0.6308875915371621,12.0,7.570651098445945,0.3691124084628379,32,32
联想AI设备,搭,专属智能体,1,0.6184067182363256,12.0,7.420880618835907,0.38159328176367435,59,59
评论者,get,专属智能体,1,0.6184067182363256,12.0,7.420880618835907,0.38159328176367435,59,59
评论者,拿捏,个人专属智能体,1,0.6184067182363256,12.0,7.420880618835907,0.38159328176367435,59,59
评论者,适配,OpenClaw养龙虾,1,0.6184067182363256,12.0,7.420880618835907,0.38159328176367435,59,59
资本,热推,双触角,1,0.6100792862216883,12.0,7.320951434660259,0.3899207137783117,54,54
评论者,做,第一个吃龙虾的人,1,0.6468471565572335,11.0,7.115318722129568,0.35315284344276654,59,59
评论者,可以做,第一个吃螃蟹的人,1,0.6468471565572335,11.0,7.115318722129568,0.35315284344276654,59,59
制作差,导致,没观众,1,0.6363539717274238,11.0,6.999893689001662,0.3636460282725762,55,55
制作方,会更没,观众,1,0.6363539717274238,11.0,6.999893689001662,0.3636460282725762,56,56
制作方,没想过,好好做剧,1,0.6363539717274238,11.0,6.999893689001662,0.3636460282725762,56,56
制作方,用,ai编剧ai演员,1,0.6363539717274238,11.0,6.999893689001662,0.3636460282725762,56,56
人,发掘,价值,1,0.6248541669999701,11.0,6.873395836999671,0.3751458330000299,18,18
人类,被取代,AI,1,0.6248541669999701,11.0,6.873395836999671,0.3751458330000299,3,3
新的出行方式,到了,新的出行方式,1,0.6137893270802766,11.0,6.751682597883042,0.38621067291972344,57,57
每个公司,裁员,员工,1,0.6720231298135753,10.0,6.720231298135753,0.32797687018642474,4,4
每个公司,讲,宏大叙事,1,0.6720231298135753,10.0,6.720231298135753,0.32797687018642474,4,4
科技进步,带来,幸福,1,0.6720231298135753,10.0,6.720231298135753,0.32797687018642474,58,58
人类,是,龙虾,1,0.6071847125498709,11.0,6.67903183804858,0.39281528745012906,3,20
评论者,记得,元宇宙,1,0.6670634749281513,10.0,6.670634749281513,0.3329365250718487,59,59
评论者,维持,股价,1,0.6622777271806533,10.0,6.622777271806532,0.33772227281934675,59,39
评论者,讲,故事,1,0.6622777271806533,10.0,6.622777271806532,0.33772227281934675,59,59
公司,裁员,员工,6,4.253739326338813,10.0,6.617168455104903,0.29104344561019785,4,4
互联网,重视,软件质量,1,0.6617168455104903,10.0,6.617168455104903,0.33828315448950974,60,60
人,喜欢看,假人,1,0.6604561904711393,10.0,6.604561904711393,0.33954380952886065,18,18
影视行业,搞,AI,1,0.6604561904711393,10.0,6.604561904711393,0.33954380952886065,3,3
ai,用在,犯罪,1,0.6569178885773962,10.0,6.569178885773962,0.3430821114226038,10,10
ai人脸,应该控制,使用,1,0.6569178885773962,10.0,6.569178885773962,0.3430821114226038,61,61
配音,应该控制,使用,1,0.6569178885773962,10.0,6.569178885773962,0.3430821114226038,61,61
人,用,ai,1,1.3123556580890645,10.0,6.561778290445322,0.34382217095546774,18,10
AI,是,工具,7,5.308319633212861,9.0,6.509461532875072,0.24166862382673418,3,10
人形机器人,抢,普通岗的饭碗,1,0.6392329533543729,10.0,6.392329533543729,0.3607670466456271,62,62
普通人,提升,自己,1,0.6392329533543729,10.0,6.392329533543729,0.3607670466456271,18,18
AI,给,新演员从小配角锻炼的机会,1,0.6363539717274238,10.0,6.363539717274238,0.3636460282725762,3,3
新演员,成为,男女主,1,0.6363539717274238,10.0,6.363539717274238,0.3636460282725762,63,63
评论者,给,满分,3,2.2944789565734487,10.0,6.357063742665647,0.23517368114218387,59,59
评论者,修,需求,1,0.6071847125498765,10.0,6.071847125498765,0.3928152874501235,59,59
评论者,把,龙虾装飞书上,1,0.6071847125498765,10.0,6.071847125498765,0.3928152874501235,59,59
评论者,推,上线,1,0.6071847125498765,10.0,6.071847125498765,0.3928152874501235,59,59
他,开发,小程序,1,0.6617168455104901,9.0,5.955451609594411,0.33828315448950985,4,4
小程序,导致,派单时间越来越短,1,0.6617168455104901,9.0,5.955451609594411,0.33828315448950985,4,4
评论者,看,《逆行人生》,1,0.6617168455104901,9.0,5.955451609594411,0.33828315448950985,59,59
生活,让怀疑,人生,1,0.6392329533543729,9.0,5.753096580189356,0.3607670466456271,20,20
评论者,用,AI,6,3.834985852062231,9.0,5.711199726870338,0.3608356913229615,59,3
模型,响应,快,1,0.6326400905984557,9.0,5.693760815386101,0.3673599094015443,64,64
龙虾能力,有,关系,1,0.6326400905984557,9.0,5.693760815386101,0.3673599094015443,65,65
AI,模拟,判断力,1,0.6322103239794447,9.0,5.689892915815002,0.36778967602055535,3,3
AI,训练,判断力,1,0.6322103239794447,9.0,5.689892915815002,0.36778967602055535,3,3
评论者,问,AI,2,1.258708699423654,9.0,5.647244712810703,0.37064565028817303,59,3
AI,能干,事,1,0.6236605351944069,9.0,5.612944816749662,0.3763394648055931,3,22
使用AI自动产出,没有,技术门槛,1,0.6236605351944069,9.0,5.612944816749662,0.3763394648055931,66,66
信息差,小,程度,1,0.6236605351944069,9.0,5.612944816749662,0.3763394648055931,190,190
差距,拉,大,1,0.6236605351944069,9.0,5.612944816749662,0.3763394648055931,67,67
AI平板,适配,部署方式,1,0.6184067182363256,9.0,5.565660464126931,0.38159328176367435,68,68
OpenClaw,解锁,养虾新姿势,1,0.6184067182363256,9.0,5.565660464126931,0.38159328176367435,22,22
联想AIPC,好,酷,1,0.6184067182363256,9.0,5.565660464126931,0.38159328176367435,68,68
联想AIPC,适配,部署方式,1,0.6184067182363256,9.0,5.565660464126931,0.38159328176367435,68,68
胡延平老师,带队,AI养龙虾,1,0.6184067182363256,9.0,5.565660464126931,0.38159328176367435,132,132
评论者,打造,专属智能体,1,0.6184067182363256,9.0,5.565660464126931,0.38159328176367435,59,59
于老师,看得,长远又通透,1,0.6167492590889161,9.0,5.550743331800245,0.3832507409110839,69,69
实景,回归,终会,1,0.6167492590889161,9.0,5.550743331800245,0.3832507409110839,20,20
时代,辜负,有才华的人,1,0.6167492590889161,9.0,5.550743331800245,0.3832507409110839,70,70
真人的表演,有,不可替代的力量,1,0.6167492590889161,9.0,5.550743331800245,0.3832507409110839,71,71
这,是,太不好,1,0.6910143443996254,8.0,5.528114755197003,0.3089856556003746,39,39
这,是,太离谱,1,0.6910143443996254,8.0,5.528114755197003,0.3089856556003746,39,39
其他企业,挣不到,钱,1,0.6604561904711393,8.0,5.283649523769115,0.33954380952886065,72,72
社会,会有,贫富差距越来越大,1,0.6604561904711393,8.0,5.283649523769115,0.33954380952886065,50,50
钱,向集中,个别企业,1,0.6604561904711393,8.0,5.283649523769115,0.33954380952886065,72,72
钱,向集中,少数人手里,1,0.6604561904711393,8.0,5.283649523769115,0.33954380952886065,72,72
科技创新发展脚步,越来越迅猛,（程度）,1,0.6505441793454315,8.0,5.204353434763452,0.3494558206545685,73,73
别人,抄袭,内容,1,0.6420833415744945,8.0,5.136666732595956,0.35791665842550546,4,4
小说故事,抄袭,太多,1,0.6420833415744945,8.0,5.136666732595956,0.35791665842550546,74,74
我,保护,有限感,1,0.6322103239794447,8.0,5.057682591835557,0.36778967602055535,20,20
我,爱看,纸质书,1,0.6322103239794447,8.0,5.057682591835557,0.36778967602055535,20,20
评论者,打,对象,1,0.6247606183714088,8.0,4.998084946971271,0.37523938162859116,59,59
评论者,同意,你的观点,1,0.6167492590889161,8.0,4.933994072711329,0.3832507409110839,59,59
评论者,防范,风险,2,1.2201585724433766,8.0,4.880634289773506,0.3899207137783117,59,59
AI应用,跨越,技术,1,0.6100792862216883,8.0,4.880634289773506,0.3899207137783117,75,75
安全风险,容小视,重要性,1,0.6100792862216883,8.0,4.880634289773506,0.3899207137783117,76,76
新技术,是,双刃剑,1,0.6100792862216883,8.0,4.880634289773506,0.3899207137783117,59,59
有人,记得,元宇宙,1,0.6100792862216883,8.0,4.880634289773506,0.3899207137783117,59,59
这张图,使好笑,联系,1,0.6955925131142809,7.0,4.869147591799966,0.30440748688571906,59,59
家里,有,体系,1,0.6893248038441724,7.0,4.8252736269092065,0.3106751961558276,77,77
美国,发展,AI,1,0.6853749376136961,7.0,4.797624563295872,0.31462506238630394,3,3
欧美日韩,失业,到处,1,0.6827646044547099,7.0,4.779352231182969,0.3172353955452901,78,78
欧美日韩,流浪,到处,1,0.6827646044547099,7.0,4.779352231182969,0.3172353955452901,78,78
AI工具,删除并重建,整个环境,1,0.671724856144617,7.0,4.702073993012319,0.32827514385538303,79,79
soul、陌陌,创新掉,自己,1,0.6617168455104903,7.0,4.632017918573432,0.33828315448950974,18,18
它,给下,龙虾小额贷,1,0.6436355848247982,7.0,4.505449093773588,0.3563644151752018,136,136
它,给下,龙虾电脑管家,1,0.6436355848247982,7.0,4.505449093773588,0.3563644151752018,136,136
它,给下,龙虾输入法,1,0.6436355848247982,7.0,4.505449093773588,0.3563644151752018,136,136
评论者,怕,它给下龙虾壁纸,1,0.6436355848247982,7.0,4.505449093773588,0.3563644151752018,59,59
工资,涨,几万,1,0.6392329533543729,7.0,4.47463067348061,0.3607670466456271,48,48
涨幅,让眼红,大家,1,0.6392329533543729,7.0,4.47463067348061,0.3607670466456271,20,20
公司,裁,初级程序员,1,0.6316500196935109,7.0,4.421550137854576,0.36834998030648913,4,4
图二,吹牛,牛比,1,0.6316500196935109,7.0,4.421550137854576,0.36834998030648913,80,80
他,打,一顿,1,0.6247606183714088,7.0,4.373324328599862,0.37523938162859116,4,4
他,补回,亏的钱,1,0.6247606183714088,7.0,4.373324328599862,0.37523938162859116,4,4
数码集团创始人团队,因炒股失败,大打出手,1,0.6247606183714088,7.0,4.373324328599862,0.37523938162859116,81,81
李姓创始人脸部,被连续肘击,毫无还手之力,1,0.6247606183714088,7.0,4.373324328599862,0.37523938162859116,82,82
网友,表示,强烈谴责,1,0.6247606183714088,7.0,4.373324328599862,0.37523938162859116,83,83
詹姓投资人,迁怒于,李姓合伙人,1,0.6247606183714088,7.0,4.373324328599862,0.37523938162859116,84,84
AI,开始养,虾,1,0.6184067182363256,7.0,4.328847027654279,0.38159328176367435,3,3
AIPC+AI平板,适配,OpenClaw,1,0.6184067182363256,7.0,4.328847027654279,0.38159328176367435,22,22
联想东东锵会客厅,解锁,AI新玩法,1,0.6184067182363256,7.0,4.328847027654279,0.38159328176367435,85,85
这段,像,ai写的,1,0.6167492590889161,7.0,4.317244813622413,0.3832507409110839,86,86
千里浩瀚4.0,稳,千亿参数,1,0.6137893270802766,7.0,4.296525289561936,0.38621067291972344,87,87
智驾的发展,前进,一大步,1,0.6137893270802766,7.0,4.296525289561936,0.38621067291972344,88,88
你,是,official,1,0.6071847125498709,7.0,4.250292987849097,0.39281528745012906,4,4
过去十年,是,全球的技术红利期,1,0.6853749376136961,6.0,4.112249625682177,0.31462506238630394,89,89
人类,创造,价值,1,0.6729841682437588,6.0,4.037905009462553,0.32701583175624116,3,18
人类,换取,财富,1,0.6729841682437588,6.0,4.037905009462553,0.32701583175624116,3,3
大师兄,做,直播,1,0.6652708213507904,6.0,3.9916249281047422,0.3347291786492096,90,90
大师兄,做了,深入的交流,1,0.6652708213507904,6.0,3.9916249281047422,0.3347291786492096,90,90
评论者,有,完整的直播记录,1,0.6652708213507904,6.0,3.9916249281047422,0.3347291786492096,59,59
人,愿意扶持,毫无价值的人,1,0.6579347302021883,6.0,3.9476083812131297,0.3420652697978117,18,18
你,要有,筹码,1,0.6579347302021883,6.0,3.9476083812131297,0.3420652697978117,4,4
你,要经营,自己,1,0.6579347302021883,6.0,3.9476083812131297,0.3420652697978117,4,18
努力,是,有用的,1,0.6579347302021883,6.0,3.9476083812131297,0.3420652697978117,91,91
它,造就了,现在的你,1,0.6579347302021883,6.0,3.9476083812131297,0.3420652697978117,136,136
微小的差距,会越滚越大,像雪球,1,0.6579347302021883,6.0,3.9476083812131297,0.3420652697978117,92,92
每个选择,是,正确的,1,0.6579347302021883,6.0,3.9476083812131297,0.3420652697978117,93,93
进步,是,有用的,1,0.6579347302021883,6.0,3.9476083812131297,0.3420652697978117,91,91
这东西,需要,收费,1,0.6468471565572335,6.0,3.8810829393434005,0.35315284344276654,94,94
战场智慧,胜过,算法,1,0.645004401706545,6.0,3.8700264102392703,0.35499559829345495,95,95
策略与人性,是,战争胜利真谛,1,0.645004401706545,6.0,3.8700264102392703,0.35499559829345495,96,96
职业,规避,被AI取代,1,0.6426770995129161,6.0,3.8560625970774964,0.3573229004870839,97,97
评论者,想起,某作家自杀,1,0.6420833415744945,6.0,3.8525000494469674,0.35791665842550546,59,59
AI,做,这个,2,1.2639935717257818,6.0,3.8353977201262373,0.3680032141371091,3,13
机器人,代替,人,1,0.6355765003324773,6.0,3.8134590019948638,0.36442349966752274,18,18
AI,替代,真人,2,1.248399278782427,6.0,3.789900118161065,0.3758003606087865,3,3
真人演的戏,吸引,更多人,1,0.6316500196935109,6.0,3.789900118161065,0.36834998030648913,98,98
私厨,变得,更贵,1,0.6316500196935109,6.0,3.789900118161065,0.36834998030648913,99,99
AI,感知,时间线,1,0.6312370646669092,6.0,3.7874223880014553,0.3687629353330908,3,3
AI,替你下,结论,1,0.6312370646669092,6.0,3.7874223880014553,0.3687629353330908,3,3
AI,辅助,搜索,1,0.6312370646669092,6.0,3.7874223880014553,0.3687629353330908,3,3
评论者,找,官方文件,1,0.6312370646669092,6.0,3.7874223880014553,0.3687629353330908,59,59
ai,做出,一张画,1,0.6308317783800358,6.0,3.784990670280215,0.3691682216199642,10,10
ai,做出,设计,1,0.6308317783800358,6.0,3.784990670280215,0.3691682216199642,10,10
ai,帮,我,1,0.6308317783800358,6.0,3.784990670280215,0.3691682216199642,10,20
评论者,觉得,自己好无能,1,0.6308317783800358,6.0,3.784990670280215,0.3691682216199642,59,59
AI,取代,人类专属价值,1,0.6248541669999701,6.0,3.7491250019998206,0.3751458330000299,3,3
AI,是,提效,1,0.623660535194407,6.0,3.741963211166442,0.376339464805593,3,3
AI,是,裁员,1,0.623660535194407,6.0,3.741963211166442,0.376339464805593,3,39
联想,养,龙虾,1,0.6184067182363256,6.0,3.7104403094179537,0.38159328176367435,20,20
评论者,养,龙虾,3,1.8273432849932476,6.0,3.6604757173301294,0.39088557166891746,59,20
评论者,害怕,（内容）,1,0.7294425397212965,5.0,3.6472126986064826,0.27055746027870353,59,59
数智,赋能,基层服务效率,1,0.6730405413662796,5.0,3.365202706831398,0.32695945863372045,100,100
这,是,大趋势,1,0.6687838027574251,5.0,3.3439190137871257,0.3312161972425749,39,39
评论者,开发,PDF自动翻译项目,1,0.5572552812065409,6.0,3.3435316872392455,0.4427447187934591,59,59
项目,减轻,同事负担,1,0.5572552812065409,6.0,3.3435316872392455,0.4427447187934591,59,59
人类,创造,AI,2,1.3114011742159857,5.0,3.3353365381330766,0.3442994128920072,3,3
群演,没有,饭吃,1,0.6604561904711393,5.0,3.3022809523556966,0.33954380952886065,3,3
ai,讨论,问题,1,0.6561778290445323,5.0,3.280889145222661,0.34382217095546774,10,10
人,听,ai歌,1,0.6561778290445323,5.0,3.280889145222661,0.34382217095546774,18,18
人,生成,材料,1,0.6561778290445323,5.0,3.280889145222661,0.34382217095546774,18,18
人,看,ai画,1,0.6561778290445323,5.0,3.280889145222661,0.34382217095546774,18,18
人,读,ai小说,1,0.6561778290445323,5.0,3.280889145222661,0.34382217095546774,18,18
评论者,受不了,对面上了ai,1,0.6561778290445323,5.0,3.280889145222661,0.34382217095546774,59,59
人,把输出结果当,ground truth,1,0.6561778290445321,5.0,3.2808891452226607,0.34382217095546785,18,18
你,想让他输出,观点,1,0.6561778290445321,5.0,3.2808891452226607,0.34382217095546785,4,3
评论者,怕掉队,社会,1,0.6513640239727435,5.0,3.2568201198637174,0.3486359760272565,59,50
评论者,比较,自己和别人,1,0.6513640239727435,5.0,3.2568201198637174,0.3486359760272565,59,59
该案例,提供,案例参考,1,0.6508471978004495,5.0,3.2542359890022476,0.34915280219955047,101,101
该案例,明确,AI替代岗位≠合法解雇,1,0.6508471978004495,5.0,3.2542359890022476,0.34915280219955047,101,101
小孩,拔掉,眉毛鼻子手臂,1,0.6484437637057058,5.0,3.242218818528529,0.3515562362942942,102,102
雪宝,装疼,（省略）,1,0.6484437637057058,5.0,3.242218818528529,0.3515562362942942,103,103
雪宝眉毛鼻子手臂,是,磁吸,1,0.6484437637057058,5.0,3.242218818528529,0.3515562362942942,104,104
AI,提,效,1,0.6470139209021442,5.0,3.235069604510721,0.35298607909785584,3,3
AI,缩短,工作时间,1,0.6470139209021442,5.0,3.235069604510721,0.35298607909785584,3,3
打工人,拓宽,工作场景,1,0.6470139209021442,5.0,3.235069604510721,0.35298607909785584,105,105
生产工具的效率提升,伴随,工人的工时变短,1,0.6470139209021442,5.0,3.235069604510721,0.35298607909785584,106,106
ai,做,产品,1,0.6426770995129161,5.0,3.2133854975645804,0.3573229004870839,10,10
人,消费,产品,1,0.6426770995129161,5.0,3.2133854975645804,0.3573229004870839,18,10
小说作家,删,AI痕迹,1,0.6420833415744945,5.0,3.2104167078724726,0.35791665842550546,3,3
小说作家,用,AI,1,0.6420833415744945,5.0,3.2104167078724726,0.35791665842550546,3,3
AI,拍,戏,2,1.6363539717274238,5.0,3.181769858637119,0.1818230141362881,3,3
AI,刷,流量,1,0.6363539717274238,5.0,3.181769858637119,0.3636460282725762,3,3
AI,看,戏,1,0.6363539717274238,5.0,3.181769858637119,0.3636460282725762,3,3
人类观众,对感兴趣,人跟人之间的化学反应,1,0.6363539717274238,5.0,3.181769858637119,0.3636460282725762,107,107
评论者,起,项目,1,0.6363539717274238,5.0,3.181769858637119,0.3636460282725762,59,59
评论者,骗,天使投资,1,0.6363539717274238,5.0,3.181769858637119,0.3636460282725762,59,59
评论者,认为应该裁,滥竽充数的人,1,0.6355765003324773,5.0,3.177882501662386,0.36442349966752274,59,59
卖token的,赚钱,利润,1,0.6320483727174436,5.0,3.1602418635872183,0.36795162728255637,108,108
卖云服务器的,赚钱,利润,1,0.6320483727174436,5.0,3.1602418635872183,0.36795162728255637,108,108
卖课的,赚钱,利润,1,0.6320483727174436,5.0,3.1602418635872183,0.36795162728255637,108,108
AI,代替,体力劳动,1,0.6316500196935109,5.0,3.1582500984675543,0.36834998030648913,3,3
ai,节省,成本,1,0.6308875915371621,5.0,3.1544379576858104,0.3691124084628379,10,10
你,判,案件,1,0.6274716347567447,5.0,3.1373581737837237,0.3725283652432553,4,20
我,辩,案件,1,0.6274716347567447,5.0,3.1373581737837237,0.3725283652432553,20,20
评论者,拥抱,变化,2,1.26370648423035,5.0,3.1242708349998507,0.36814675788482504,59,59
人机结合,是,趋势,1,0.6248541669999701,5.0,3.1242708349998507,0.3751458330000299,47,47
评论者,做好,当下的事,1,0.6248541669999701,5.0,3.1242708349998507,0.3751458330000299,59,59
评论者,焦虑,被替代,1,0.6248541669999701,5.0,3.1242708349998507,0.3751458330000299,59,59
AIPC,养,龙虾,1,0.6184067182363256,5.0,3.0920335911816283,0.38159328176367435,20,20
评论者,掌握,科技圈潮流,1,0.6184067182363256,5.0,3.0920335911816283,0.38159328176367435,59,59
评论者,解锁,OpenClaw养虾指南,2,1.2368134364726513,5.0,3.092033591181628,0.38159328176367435,59,59
评论者,支持,观点,2,1.2334985181778322,5.0,3.0837462954445805,0.3832507409110839,59,3
AI发展,冲击,演员行业,1,0.6167492590889161,5.0,3.0837462954445805,0.3832507409110839,109,109
AI发展,取代,演员行业,1,0.6167492590889161,5.0,3.0837462954445805,0.3832507409110839,109,109
弭金,进组,剧组,1,0.6167492590889161,5.0,3.0837462954445805,0.3832507409110839,110,110
男神,说的,在理,1,0.6167492590889161,5.0,3.0837462954445805,0.3832507409110839,23,23
评论者,喜欢看,动漫,1,0.6167492590889161,5.0,3.0837462954445805,0.3832507409110839,59,59
评论者,想问,杨蓉下部戏题材,1,0.6167492590889161,5.0,3.0837462954445805,0.3832507409110839,59,59
评论者,爱看,真人,1,0.6167492590889161,5.0,3.0837462954445805,0.3832507409110839,59,3
体验,是,真丝滑,1,0.6137893270802766,5.0,3.0689466354013826,0.38621067291972344,111,111
底层系统,打通,体验,1,0.6137893270802766,5.0,3.0689466354013826,0.38621067291972344,111,111
深度绑定,是,好事,1,0.6115342225358857,5.0,3.0576711126794285,0.38846577746411426,112,112
大家,养,龙虾,1,0.6100792862216883,5.0,3.0503964311084415,0.3899207137783117,20,20
中腰部演员及关联岗位,面临,失业,5,2.8363426234814866,5.0,2.8363426234814866,0.4327314753037027,113,113
时薪,降至,60元,5,2.8363426234814866,5.0,2.8363426234814866,0.4327314753037027,114,114
这,是,砍人,1,0.6982925185497758,4.0,2.7931700741991032,0.3017074814502242,39,39
这,是,裁员,1,0.6982925185497758,4.0,2.7931700741991032,0.3017074814502242,39,39
家庭,面临,困境,1,0.6729841682437588,4.0,2.6919366729750354,0.32701583175624116,115,115
AI,干,很多工作,1,0.6656704603669812,4.0,2.6626818414679247,0.3343295396330188,3,3
我们,带动,孩子,1,0.6632543226201227,4.0,2.653017290480491,0.33674567737987726,95,95
我们,爱,劳动,1,0.6632543226201227,4.0,2.653017290480491,0.33674567737987726,95,95
蓝领,被替代,AI,1,0.6632543226201227,4.0,2.653017290480491,0.33674567737987726,18,3
评论者,迷茫,未来,1,0.6632543226201227,4.0,2.653017290480491,0.33674567737987726,59,18
大陆,断供,稀土,1,0.6622777271806533,4.0,2.649110908722613,0.33772227281934675,116,116
人,看,AI剧,1,0.6604561904711393,4.0,2.6418247618845574,0.33954380952886065,18,18
大家,失业,收入,1,0.6604561904711393,4.0,2.6418247618845574,0.33954380952886065,20,20
拍摄方,拍,AI剧,1,0.6604561904711393,4.0,2.6418247618845574,0.33954380952886065,18,18
真人,没有,工作,1,0.6604561904711393,4.0,2.6418247618845574,0.33954380952886065,3,18
个人、企业、社会支持体系,应对,（困境）,1,0.6508471978004495,4.0,2.603388791201798,0.34915280219955047,117,117
劳动者,面对,现实困境,1,0.6508471978004495,4.0,2.603388791201798,0.34915280219955047,118,118
技术性失业问题,存在,（空）,1,0.6508471978004495,4.0,2.603388791201798,0.34915280219955047,119,119
法治,保驾护航,变革,1,0.6508471978004495,4.0,2.603388791201798,0.34915280219955047,32,32
法治,确保,技术进步与人类福祉同向而行,1,0.6508471978004495,4.0,2.603388791201798,0.34915280219955047,32,32
法治的使命,阻碍,技术进步,1,0.6508471978004495,4.0,2.603388791201798,0.34915280219955047,120,120
评论者,崇拜,AI,1,0.645004401706545,4.0,2.58001760682618,0.35499559829345495,59,3
蓝大,看,英伟达产业链,1,0.6444793322295148,4.0,2.5779173289180592,0.3555206677704852,121,121
我,愿意待在,舒适圈,1,0.6440343277598175,4.0,2.57613731103927,0.3559656722401825,20,20
我,用,新东西,1,0.6440343277598175,4.0,2.57613731103927,0.3559656722401825,20,20
AI,替代,人,5,3.1953762152677134,4.0,2.5743676402134748,0.36092475694645726,3,18
我,不用当,牛马,1,0.6429693685176674,4.0,2.5718774740706696,0.3570306314823326,20,20
我,衣食无忧,生活,1,0.6429693685176674,4.0,2.5718774740706696,0.3570306314823326,20,20
我,躺平,生活,1,0.6429693685176674,4.0,2.5718774740706696,0.3570306314823326,20,20
AI,替代,这些,1,0.6426770995129161,4.0,2.5707083980516643,0.3573229004870839,3,3
一个人,跑,整个项目,1,0.6426770995129161,4.0,2.5707083980516643,0.3573229004870839,122,122
计算机,发展,快,1,0.6426770995129161,4.0,2.5707083980516643,0.3573229004870839,64,64
AI,替代,白领,1,0.6412591129562941,4.0,2.5650364518251765,0.3587408870437059,3,3
自动化,替代,蓝领,1,0.6412591129562941,4.0,2.5650364518251765,0.3587408870437059,18,18
很多大厂,裁员,员工,1,0.6392329533543729,4.0,2.5569318134174917,0.3607670466456271,4,4
算力成本,不菲,费用,1,0.6375683455505394,4.0,2.5502733822021577,0.36243165444946057,123,123
钱包,大出血,费用,1,0.6375683455505394,4.0,2.5502733822021577,0.36243165444946057,123,123
人的不确定性,是,表演最终的力量,1,0.6363539717274238,4.0,2.5454158869096952,0.3636460282725762,124,124
技术岗,裁员,这么多,1,0.6355765003324773,4.0,2.542306001329909,0.36442349966752274,19,19
评论者,研发创新,产品,1,0.6355765003324773,4.0,2.542306001329909,0.36442349966752274,59,10
360,搞,龙虾,1,0.6326400905984557,4.0,2.530560362393823,0.3673599094015443,27,20
360,是,霸主,1,0.6326400905984557,4.0,2.530560362393823,0.3673599094015443,27,27
最先下达指令的,会赢,比赛,1,0.6326400905984557,4.0,2.530560362393823,0.3673599094015443,125,125
用户,卸载,360,1,0.6326400905984557,4.0,2.530560362393823,0.3673599094015443,27,27
州,带来,思考,1,0.6322103239794447,4.0,2.5288412959177786,0.36778967602055535,126,126
州,让发现,新世界,1,0.6322103239794447,4.0,2.5288412959177786,0.36778967602055535,126,126
我们,让给,算法,1,0.6322103239794447,4.0,2.5288412959177786,0.36778967602055535,95,95
文章,写,太好,1,0.6322103239794447,4.0,2.5288412959177786,0.36778967602055535,127,127
文章,提到,柏拉图把灵魂分为理性、激情与欲望,1,0.6322103239794447,4.0,2.5288412959177786,0.36778967602055535,127,127
柏拉图,认为,三者本应和谐共处,1,0.6322103239794447,4.0,2.5288412959177786,0.36778967602055535,128,128
理性,压制,欲望,1,0.6322103239794447,4.0,2.5288412959177786,0.36778967602055535,129,129
理性,指引,欲望,1,0.6322103239794447,4.0,2.5288412959177786,0.36778967602055535,129,129
ai,适合当,情绪垃圾桶,1,0.6312370646669092,4.0,2.524948258667637,0.3687629353330908,10,10
不谈政治谈经济,等于,零,1,0.6312370646669092,4.0,2.524948258667637,0.3687629353330908,130,130
你,坐,轮椅,1,0.6312370646669092,4.0,2.524948258667637,0.3687629353330908,4,4
你,被打断,腿,1,0.6312370646669092,4.0,2.524948258667637,0.3687629353330908,4,4
小日本,启动,电动轮椅,1,0.6312370646669092,4.0,2.524948258667637,0.3687629353330908,131,131
评论者,看不起,经济学家,1,0.6312370646669092,4.0,2.524948258667637,0.3687629353330908,59,59
找工作,变得,更难,1,0.6308875915371621,4.0,2.5235503661486485,0.3691124084628379,46,46
AI,是,对手,1,0.6299750539775791,4.0,2.5199002159103165,0.37002494602242086,3,3
AI发展,让有,更多美好,1,0.6299750539775791,4.0,2.5199002159103165,0.37002494602242086,109,109
AI,上庭,法庭,1,0.6274716347567447,4.0,2.509886539026979,0.3725283652432553,3,3
AI,代替,法律助理,1,0.6274716347567447,4.0,2.509886539026979,0.3725283652432553,3,3
AI,代替,牛马背锅,1,0.6248541669999701,4.0,2.4994166679998804,0.3751458330000299,3,3
你,辛苦了,工作,1,0.6247606183714088,4.0,2.4990424734856354,0.37523938162859116,4,18
它,是,一眼假,1,0.6247606183714088,4.0,2.4990424734856354,0.37523938162859116,136,136
普通人,做,生产者,1,0.623660535194407,4.0,2.494642140777628,0.376339464805593,18,18
东东锵会客厅,讲,OpenClaw发展阶段和部署方式,1,0.6184067182363256,4.0,2.4736268729453026,0.38159328176367435,132,132
养龙虾,等于,拥有私人AI助理,1,0.6184067182363256,4.0,2.4736268729453026,0.38159328176367435,59,59
联想,会玩,操作,1,0.6184067182363256,4.0,2.4736268729453026,0.38159328176367435,20,20
胡延平老师,讲,OpenClaw发展阶段和部署方式,1,0.6184067182363256,4.0,2.4736268729453026,0.38159328176367435,132,132
评论者,当,AI极客,1,0.6184067182363256,4.0,2.4736268729453026,0.38159328176367435,59,59
评论者,必须跟上,潮流,1,0.6184067182363256,4.0,2.4736268729453026,0.38159328176367435,59,59
我,喜欢看,实景,1,0.6167492590889161,4.0,2.4669970363556644,0.3832507409110839,20,20
自拍,像,ai合成的,1,0.6167492590889161,4.0,2.4669970363556644,0.3832507409110839,133,133
吉利,领先,全域AI布局,1,0.6137893270802766,4.0,2.4551573083211062,0.38621067291972344,10,10
合作,带来,新的惊喜,1,0.6115342225358857,4.0,2.446136890143543,0.38846577746411426,134,134
专业的人,养,龙虾,1,0.6100792862216883,4.0,2.440317144886753,0.3899207137783117,11,20
元宇宙,热闹,当年,1,0.6100792862216883,4.0,2.440317144886753,0.3899207137783117,59,59
横店群演试镜机会,锐减,70%,4,2.269074098785189,4.0,2.269074098785189,0.4327314753037027,135,135
软文,厉害,效果,1,0.5653587748895826,4.0,2.2614350995583306,0.43464122511041736,136,136
华人,招聘,华人,1,0.13662379741338343,16.0,2.185980758614135,0.8633762025866165,137,137
大模型,依赖,华人团队,1,0.13662379741338343,16.0,2.185980758614135,0.8633762025866165,138,138
美国,允许,这种情况,1,0.13662379741338343,16.0,2.185980758614135,0.8633762025866165,3,3
这种情况,是,风险,1,0.13662379741338343,16.0,2.185980758614135,0.8633762025866165,3,59
马斯克,开启,大清洗,1,0.13662379741338343,16.0,2.185980758614135,0.8633762025866165,34,34
马斯克,想招,白人团队,1,0.13662379741338343,16.0,2.185980758614135,0.8633762025866165,34,34
马斯克的AI团队,有,太多华人,1,0.13662379741338343,16.0,2.185980758614135,0.8633762025866165,139,139
AI,赶出,父母,1,0.6827646044547099,3.0,2.0482938133641295,0.3172353955452901,3,3
自己,干掉,自己,1,0.6827646044547099,3.0,2.0482938133641295,0.3172353955452901,18,18
这些,是,AI的养父母,1,0.6827646044547099,3.0,2.0482938133641295,0.3172353955452901,3,3
AI,提高,工作效率,2,1.3627947513342056,3.0,2.0441921270013084,0.31860262433289716,3,3
评论者,拿出,这张图,1,0.6792781592194718,3.0,2.037834477658415,0.32072184078052823,59,59
AI崇拜,毁,天,2,1.3525597086335233,3.0,2.0265080160343127,0.32372014568323837,22,22
AI崇拜,灭,地,2,1.3525597086335233,3.0,2.0265080160343127,0.32372014568323837,22,4
政务AI,守牢,民生服务底线,1,0.6730405413662796,3.0,2.0191216240988386,0.32695945863372045,140,140
评论者,探索,人机协作,1,0.6730405413662796,3.0,2.0191216240988386,0.32695945863372045,59,59
ai,取代,白领,1,0.6729841682437588,3.0,2.0189525047312764,0.32701583175624116,10,3
客服销售,变成,AI,1,0.6729841682437588,3.0,2.0189525047312764,0.32701583175624116,3,3
机器人,取代,蓝领,1,0.6729841682437588,3.0,2.0189525047312764,0.32701583175624116,18,18
AI,看到,屎山代码,1,0.671724856144617,3.0,2.015174568433851,0.32827514385538303,3,3
圈内人,考虑,普通人需要什么,1,0.6675758349410102,3.0,2.0027275048230306,0.33242416505898975,141,141
就业,变得,难,1,0.6670673076266154,3.0,2.0012019228798463,0.33293269237338463,46,46
工作压力,变大,越来越,1,0.6670673076266154,3.0,2.0012019228798463,0.33293269237338463,142,142
百度,赶,晚集,1,1.0,2.0,2.0,0.0,143,143
百度,起,大早,1,1.0,2.0,2.0,0.0,143,143
这,会演,戏,1,1.0,2.0,2.0,0.0,39,3
这,帅,外表,1,1.0,2.0,2.0,0.0,39,39
这,比强,某些演员,1,1.0,2.0,2.0,0.0,39,39
经济学,发挥,作用,1,0.6631871056549183,3.0,1.989561316964755,0.33681289434508166,144,144
对方,做,海外app,1,0.6617168455104901,3.0,1.9851505365314703,0.33828315448950985,29,29
前五番,是,真人,1,0.6604561904711393,3.0,1.9813685714134182,0.33954380952886065,3,3
一小部分人,榨出,一大部分人的利益,1,0.65962841150492,3.0,1.97888523451476,0.34037158849508,145,145
普通人,没,工作,1,0.65962841150492,3.0,1.97888523451476,0.34037158849508,18,18
科技巨头,盆满钵满,收益,1,0.65962841150492,3.0,1.97888523451476,0.34037158849508,146,146
股价,创,新高,1,0.65962841150492,3.0,1.97888523451476,0.34037158849508,39,39
deepseek,领先,一次,1,0.6587889385751229,3.0,1.9763668157253687,0.3412110614248771,147,147
首页的cv,在发,声明,1,0.6569178885773962,3.0,1.9707536657321887,0.3430821114226038,148,148
你,喜欢聊天,豆包,1,0.6507210957740291,3.0,1.9521632873220875,0.34927890422597085,4,4
朗哥,关照,美以在中东地区的科技资产,1,0.649911270406216,3.0,1.949733811218648,0.350088729593784,149,149
AI,代替,人类一部分工作,1,0.6439622288809301,3.0,1.9318866866427904,0.35603777111906987,3,3
评论者,做,垃圾,1,0.643265579429533,3.0,1.929796738288599,0.356734420570467,59,59
AI,可以实现,写剧本拍摄,1,0.6426770995129161,3.0,1.9280312985387482,0.3573229004870839,3,3
时代,回到,靠手艺吃饭的时代,1,0.6426770995129161,3.0,1.9280312985387482,0.3573229004870839,70,70
龙虾,让吃上,热搜,1,0.6421690567763579,3.0,1.926507170329074,0.35783094322364206,20,20
搜中文,搜出,reddit的内容,1,0.6420833415744945,3.0,1.9262500247234837,0.35791665842550546,150,150
搜索引擎,跨,语言,1,0.6420833415744945,3.0,1.9262500247234837,0.35791665842550546,3,3
这么多人,失业,工作,2,1.3338535757024252,3.0,1.9067295009974319,0.3330732121487874,18,18
AI的发展,是,好事儿或坏事儿,1,0.6355765003324773,3.0,1.9067295009974319,0.36442349966752274,151,151
好多人,失业,工作,1,0.6355765003324773,3.0,1.9067295009974319,0.36442349966752274,18,18
评论者,换,地方,1,0.6355765003324773,3.0,1.9067295009974319,0.36442349966752274,59,59
华为AI,助力,中小企业转型,3,1.902857273657339,3.0,1.902857273657339,0.3657142421142203,152,152
该工具,依赖,底层模型,1,0.6326400905984558,3.0,1.8979202717953676,0.36735990940154417,21,21
该工具,依赖于,哪家的虾,1,0.6326400905984558,3.0,1.8979202717953676,0.36735990940154417,21,21
媒介,即,信息,1,0.6322103239794447,3.0,1.8966309719383339,0.36778967602055535,153,153
它们,传递,内容,1,0.6322103239794447,3.0,1.8966309719383339,0.36778967602055535,4,4
它们,传递,隐形教育,1,0.6322103239794447,3.0,1.8966309719383339,0.36778967602055535,4,4
滑动,是,媒介,1,0.6322103239794447,3.0,1.8966309719383339,0.36778967602055535,153,153
翻页,是,媒介,1,0.6322103239794447,3.0,1.8966309719383339,0.36778967602055535,153,153
人类,拥有,工作,1,0.6316500196935109,3.0,1.8949500590805326,0.36834998030648913,3,18
人类,拥有,收入,1,0.6316500196935109,3.0,1.8949500590805326,0.36834998030648913,3,20
人类,拥有,消费,1,0.6316500196935109,3.0,1.8949500590805326,0.36834998030648913,3,3
人类,结婚生孩子,行为,1,0.6316500196935109,3.0,1.8949500590805326,0.36834998030648913,3,9
AI,有,迎合提问者的趋势,1,0.6312370646669092,3.0,1.8937111940007276,0.3687629353330908,3,3
评论者,指望,AI代替思考,1,0.6312370646669092,3.0,1.8937111940007276,0.3687629353330908,59,59
ai,得到,产物,1,0.6308317783800358,3.0,1.8924953351401075,0.3691682216199642,10,10
产物,呆板,特别,1,0.6308317783800358,3.0,1.8924953351401075,0.3691682216199642,10,10
用多了,产生,依赖性,1,0.6308317783800358,3.0,1.8924953351401075,0.3691682216199642,154,154
评论者,喜欢,隐退职场论,1,0.6308317783800358,3.0,1.8924953351401075,0.3691682216199642,59,59
评论者,更新,要求,1,0.6308317783800358,3.0,1.8924953351401075,0.3691682216199642,59,59
评论者,更新,话术,1,0.6308317783800358,3.0,1.8924953351401075,0.3691682216199642,59,59
评论者,调,ai,1,0.6308317783800358,3.0,1.8924953351401075,0.3691682216199642,59,10
这,锻炼,沟通能力,1,0.6308317783800358,3.0,1.8924953351401075,0.3691682216199642,39,39
AI,成为,工具,1,0.6248541669999701,3.0,1.8745625009999103,0.3751458330000299,3,10
AI发展,带来,新机遇,1,0.6248541669999701,3.0,1.8745625009999103,0.3751458330000299,109,109
人,用,AI,1,0.6248541669999701,3.0,1.8745625009999103,0.3751458330000299,18,3
声音,是,你的,1,0.6247606183714088,3.0,1.8742818551142264,0.37523938162859116,155,155
它,逼真,效果,1,0.6247606183714088,3.0,1.8742818551142264,0.37523938162859116,136,136
李总,做到,冷静,1,0.6247606183714088,3.0,1.8742818551142264,0.37523938162859116,156,156
这,狠,程度高,1,0.6247606183714088,3.0,1.8742818551142264,0.37523938162859116,39,39
提高效率,导致,更卷,1,0.6236605351944069,3.0,1.8709816055832207,0.3763394648055931,157,157
OpenClaw,有,东西,1,0.6184067182363256,3.0,1.8552201547089768,0.38159328176367435,22,22
OpenClaw,适配,联想AI平板,1,0.6184067182363256,3.0,1.8552201547089768,0.38159328176367435,22,22
普通人,拥有,个人专属智能体,1,0.6184067182363256,3.0,1.8552201547089768,0.38159328176367435,18,59
该工具,有,6大发展阶段,1,0.6184067182363256,3.0,1.8552201547089768,0.38159328176367435,21,21
技术硬实力,是,品牌最大底气,1,0.6137893270802766,3.0,1.8413679812408297,0.38621067291972344,158,158
双方,进行,深度合作,1,0.6115342225358857,3.0,1.8346026676076572,0.38846577746411426,159,159
养龙虾,是,危险的行为,1,0.6100792862216883,3.0,1.8302378586650647,0.3899207137783117,59,59
坏人,利用,龙虾,1,0.6100792862216883,3.0,1.8302378586650647,0.3899207137783117,20,20
坏人,开放,电脑,1,0.6100792862216883,3.0,1.8302378586650647,0.3899207137783117,20,20
坏人,监听监控,你的所有,1,0.6100792862216883,3.0,1.8302378586650647,0.3899207137783117,20,20
第一批养龙虾的人,怎么样了,现在,1,0.6100792862216883,3.0,1.8302378586650647,0.3899207137783117,32,32
评论者,帮,别人养龙虾,1,0.6100792862216883,3.0,1.8302378586650647,0.3899207137783117,59,59
评论者,求科普,新技术,1,0.6100792862216883,3.0,1.8302378586650647,0.3899207137783117,59,59
评论者,谨慎,这类,1,0.6100792862216883,3.0,1.8302378586650647,0.3899207137783117,59,59
78%观众,反对,主演替换,3,1.7018055740888918,3.0,1.7018055740888918,0.43273147530370276,160,160
AI,复刻,即兴反应、复杂情感交互,3,1.7018055740888918,3.0,1.7018055740888918,0.43273147530370276,3,3
AI,换脸,何昶希,3,1.7018055740888918,3.0,1.7018055740888918,0.43273147530370276,3,3
AI,替代,程式化角色,3,1.7018055740888918,3.0,1.7018055740888918,0.43273147530370276,3,3
真人与AI同框,触发,恐怖谷效应,3,1.7018055740888918,3.0,1.7018055740888918,0.43273147530370276,161,161
经典群像戏,依赖,真人互动,3,1.7018055740888918,3.0,1.7018055740888918,0.43273147530370276,162,162
该工具,硬吹,功能,1,0.7136512210362467,2.0,1.4273024420724933,0.2863487789637533,21,21
该工具,类似,龙虾ai工具,1,0.7136512210362467,2.0,1.4273024420724933,0.2863487789637533,21,21
广告,打得,不错,1,0.6976760315964673,2.0,1.3953520631929346,0.3023239684035327,163,163
语言组织表达,不如,读研前,1,0.6967203761569032,2.0,1.3934407523138064,0.3032796238430968,164,164
老板们,裁员,员工,2,1.387313431126589,2.0,1.387313431126589,0.3063432844367055,4,4
评论者,感谢,先生,1,0.6893248038441724,2.0,1.3786496076883448,0.3106751961558276,59,59
有志之士,来,中国,1,0.6853749376136961,2.0,1.3707498752273921,0.31462506238630394,165,165
AI,处理,微表情,1,0.6826622071399203,2.0,1.3653244142798406,0.3173377928600797,3,3
评论者,掌握,AI,1,0.6813973756671028,2.0,1.3627947513342056,0.3186026243328972,59,3
超高智商的天才,不会,（省略宾语）,1,0.679640098343969,2.0,1.359280196687938,0.320359901656031,166,166
技术,解放,生产力,1,0.678797936683864,2.0,1.357595873367728,0.321202063316136,75,75
普通人,找,工作,1,0.6786114012327338,2.0,1.3572228024654676,0.3213885987672662,18,18
有钱人,拥有,劳动力,1,0.6786114012327338,2.0,1.3572228024654676,0.3213885987672662,72,72
有钱人,有钱,钱,1,0.6786114012327338,2.0,1.3572228024654676,0.3213885987672662,72,72
这家公司的数据,会在...上共享,claw,1,0.6767424102326032,2.0,1.3534848204652064,0.3232575897673968,167,167
AI小短剧,流行,现在,1,0.6760722383371227,2.0,1.3521444766742454,0.3239277616628773,32,32
ai,取代,人类,1,0.6760722383371227,2.0,1.3521444766742454,0.3239277616628773,10,3
ai,要花,钱,1,0.6760722383371227,2.0,1.3521444766742454,0.3239277616628773,10,72
你,得雇,更了解的人,1,0.6760722383371227,2.0,1.3521444766742454,0.3239277616628773,4,4
现有人员,没专精,ai,1,0.6760722383371227,2.0,1.3521444766742454,0.3239277616628773,10,10
这,能降,成本,1,0.6760722383371227,2.0,1.3521444766742454,0.3239277616628773,39,10
高级模型,花,大钱,1,0.6760722383371227,2.0,1.3521444766742454,0.3239277616628773,168,168
AI,淘汰,一部分人,1,0.6739782207875695,2.0,1.347956441575139,0.3260217792124305,3,3
智能体,让,政务服务更精准高效,1,0.6730405413662796,2.0,1.346081082732559,0.32695945863372045,169,169
程序员,开发,AI,1,0.6729841682437588,2.0,1.3459683364875177,0.32701583175624116,3,3
AI代码,需要防治,给猴子一挺机枪,1,0.671724856144617,2.0,1.343449712289234,0.32827514385538303,170,170
应用到实际工作的技术,是,好技术,1,0.6688591996749018,2.0,1.3377183993498036,0.3311408003250982,171,171
评论者,感觉有收获,播客内容,1,0.6688591996749018,2.0,1.3377183993498036,0.3311408003250982,59,59
评论者,推荐,播客,1,0.6688591996749018,2.0,1.3377183993498036,0.3311408003250982,59,59
评论者,认可,内容,1,0.6675758349410102,2.0,1.3351516698820205,0.33242416505898975,59,4
AI,替代,很多工作人员,1,0.6670673076266154,2.0,1.3341346152532307,0.33293269237338463,3,3
找工作,更难,了,1,0.6670673076266154,2.0,1.3341346152532307,0.33293269237338463,46,46
AI,是,反人类,1,0.6670634749281514,2.0,1.3341269498563029,0.33293652507184857,3,3
meta,百度化,meta,1,0.6670634749281513,2.0,1.3341269498563026,0.3329365250718487,172,172
评论者,学,电工水工,1,0.6656704603669812,2.0,1.3313409207339624,0.3343295396330188,59,59
评论对象,带领,中国智驾,1,0.6652708213507904,2.0,1.3305416427015808,0.3347291786492096,173,173
Meta裁员,有,关联性,1,0.6639057672849848,2.0,1.3278115345699697,0.33609423271501515,174,174
川总,谈到,显卡,1,0.6639057672849848,2.0,1.3278115345699697,0.33609423271501515,175,175
AI老板,给打工,我,1,0.6635166446970947,2.0,1.3270332893941894,0.3364833553029053,20,20
指数,有可能大调整,一季度,1,0.6632945679612412,2.0,1.3265891359224824,0.3367054320387588,176,176
华为,面临,难题,1,0.6622777271806533,2.0,1.3245554543613065,0.33772227281934675,177,177
项老师,看,华为的云业务,1,0.6622777271806533,2.0,1.3245554543613065,0.33772227281934675,178,178
项老师,看,软件服务业务,1,0.6622777271806533,2.0,1.3245554543613065,0.33772227281934675,178,178
AI,替代,评论者,1,0.6604666960969787,2.0,1.3209333921939574,0.3395333039030213,3,59
人类,怎么办,该,1,0.6604666960969787,2.0,1.3209333921939574,0.3395333039030213,3,3
混子,可以淘汰,混子,1,0.6604561904711393,2.0,1.3209123809422787,0.33954380952886065,179,179
AI,冲击,传统程序员岗位,1,0.6596465302452102,2.0,1.3192930604904205,0.34035346975478975,3,3
AI技术,重塑,科技行业人力结构,1,0.6596465302452102,2.0,1.3192930604904205,0.34035346975478975,180,180
传统程序员岗位,成为,失业重灾区,1,0.6596465302452102,2.0,1.3192930604904205,0.34035346975478975,3,3
行业,迎来,人力结构的深度重构,1,0.6596465302452102,2.0,1.3192930604904205,0.34035346975478975,181,181
（社会/AI）,需要,普通人,1,0.65962841150492,2.0,1.31925682300984,0.34037158849508,18,18
卖挖沙的铲子,赚钱,钱,1,0.6594904152389095,2.0,1.318980830477819,0.3405095847610905,72,72
洗金沙,赚钱,钱,1,0.6594904152389095,2.0,1.318980830477819,0.3405095847610905,72,72
技术,够,需求,1,0.6587889385751229,2.0,1.3175778771502458,0.3412110614248771,75,59
数据,凑,不足,1,0.6587889385751229,2.0,1.3175778771502458,0.3412110614248771,182,182
前圈前前圈现圈,幸免,影响,1,0.6569178885773962,2.0,1.3138357771547924,0.3430821114226038,59,59
自己副业,被废,自己副业,1,0.6569178885773962,2.0,1.3138357771547924,0.3430821114226038,183,183
ai,害死,我,1,0.6561778290445321,2.0,1.3123556580890643,0.34382217095546785,10,20
成年人的崩溃,在,一瞬间,3,1.9597298369011362,2.0,1.3064865579340907,0.3467567210329546,184,184
焦虑,源于,不确定性,1,0.6513640239727435,2.0,1.302728047945487,0.3486359760272565,28,28
标题,现实,标题,1,0.6508471978004495,2.0,1.301694395600899,0.34915280219955047,185,185
资本家,想,利益至上,1,0.6508471978004495,2.0,1.301694395600899,0.34915280219955047,10,10
资本家,省,成本,1,0.6508471978004495,2.0,1.301694395600899,0.34915280219955047,10,10
评论者,想有,聊天的人,1,0.6507210957740291,2.0,1.3014421915480583,0.34927890422597085,59,59
一堆人,看,一个人忙,1,0.6470139209021442,2.0,1.2940278418042883,0.35298607909785584,186,186
一堆人,看,一个人用AI忙,1,0.6470139209021442,2.0,1.2940278418042883,0.35298607909785584,186,186
生活,越来越方便,程度,1,0.6468471565572335,2.0,1.293694313114467,0.35315284344276654,20,190
生活成本,越来越高,程度,1,0.6468471565572335,2.0,1.293694313114467,0.35315284344276654,190,190
该行为,符合,腾讯一贯作风,1,0.6468471565572335,2.0,1.293694313114467,0.35315284344276654,187,187
谁,用,这玩意儿,1,0.6468471565572335,2.0,1.293694313114467,0.35315284344276654,59,59
人才,是,关键,1,0.645004401706545,2.0,1.29000880341309,0.35499559829345495,188,188
策略,辅佐,AI,1,0.645004401706545,2.0,1.29000880341309,0.35499559829345495,3,3
策略与人为因素,关键,作用,1,0.645004401706545,2.0,1.29000880341309,0.35499559829345495,144,144
国内科技股,有,还行,1,0.6444793322295148,2.0,1.2889586644590296,0.3555206677704852,189,189
达链,有,风险,1,0.6444793322295148,2.0,1.2889586644590296,0.3555206677704852,59,59
达链,涨,上天,1,0.6444793322295148,2.0,1.2889586644590296,0.3555206677704852,59,59
公司,投资,AI,1,0.6443338665893702,2.0,1.2886677331787404,0.3556661334106298,4,3
公司,裁员减少,事业支出,1,0.6443338665893702,2.0,1.2886677331787404,0.3556661334106298,4,4
娱乐行业,发达,程度,1,0.6443338665893702,2.0,1.2886677331787404,0.3556661334106298,190,190
娱乐行业,有,用,1,0.6443338665893702,2.0,1.2886677331787404,0.3556661334106298,190,190
普通人,有,岗位,1,0.6443338665893702,2.0,1.2886677331787404,0.3556661334106298,18,3
普通人,有,收入,1,0.6443338665893702,2.0,1.2886677331787404,0.3556661334106298,18,20
评论者,不受,影响,1,0.6443338665893702,2.0,1.2886677331787404,0.3556661334106298,59,59
ai,背动,那么多责任,1,0.6440343277598175,2.0,1.288068655519635,0.3559656722401825,10,10
我,做,文字工作,1,0.6440343277598175,2.0,1.288068655519635,0.3559656722401825,20,20
我的工作,需要,挨骂背锅,1,0.6440343277598175,2.0,1.288068655519635,0.3559656722401825,191,191
整体效率,提升,多少,1,0.6432655794295331,2.0,1.2865311588590662,0.3567344205704669,192,192
用的好的人,差距,用的不好的人,1,0.6432655794295331,2.0,1.2865311588590662,0.3567344205704669,193,193
研发团队,接入,AI,1,0.6432655794295331,2.0,1.2865311588590662,0.3567344205704669,75,3
研发团队,提高,生产力,1,0.6432655794295331,2.0,1.2865311588590662,0.3567344205704669,75,75
AI,开发,可维护的系统,1,0.643265579429533,2.0,1.286531158859066,0.356734420570467,3,3
AI,量产,能力,1,0.643265579429533,2.0,1.286531158859066,0.356734420570467,3,3
程序员,有,饭吃,1,0.643265579429533,2.0,1.286531158859066,0.356734420570467,3,3
评论者,是,纯外行,1,0.6415823919344478,2.0,1.2831647838688955,0.35841760806555223,59,59
AI,侵蚀,高层,1,0.6412591129562951,2.0,1.2825182259125902,0.3587408870437049,3,3
高层,失去,人性,1,0.6412591129562951,2.0,1.2825182259125902,0.3587408870437049,3,3
这些裁掉的员工,咋办,处境,1,0.6412591129562942,2.0,1.2825182259125885,0.35874088704370577,194,194
他们,进行,知识提取冲刺,1,0.6412591129562941,2.0,1.2825182259125882,0.3587408870437059,195,195
整个决策树,被拍摄,下来,1,0.6412591129562941,2.0,1.2825182259125882,0.3587408870437059,196,196
每个提示,被记录,下来,1,0.6412591129562941,2.0,1.2825182259125882,0.3587408870437059,196,196
调试流程,被捕捉,细致入微,1,0.6412591129562941,2.0,1.2825182259125882,0.3587408870437059,197,197
讯飞,有,AI的成分,1,0.6392329533543729,2.0,1.2784659067087458,0.3607670466456271,4,4
评论者,买了,他们家股票,1,0.6392329533543729,2.0,1.2784659067087458,0.3607670466456271,59,59
评论者,亏了,钱,1,0.6392329533543729,2.0,1.2784659067087458,0.3607670466456271,59,72
